location_and_status__flight_leg_status,location_and_status__flight_leg_status_english,count_star()
ACT,Departed,1245
DEL,Deleted,266
SCH,Scheduled,26
CAN,Cancelled,12
SEQ,Estimated 21:40,2
SEQ,Estimated 21:53,2
SEQ,Estimated 21:45,2
SEQ,Estimated 21:50,1
SEQ,Estimated 22:15,1
SEQ,Estimated 21:42,1
SEQ,Estimated 21:58,1
SEQ,Estimated 21:59,1
SEQ,Estimated 21:57,1
SEQ,Estimated 21:54,1
SEQ,Estimated 22:05,1
SEQ,Estimated 20:50,1
SEQ,Estimated 22:02,1
SEQ,Estimated 21:15,1
SEQ,Estimated 21:05,1
SEQ,Estimated 21:14,1
SEQ,Estimated 22:39,1
SEQ,Estimated 21:51,1
SEQ,Estimated 20:46,1
SEQ,Estimated 23:22,1
SEQ,Estimated 22:03,1
SEQ,Estimated 21:13,1
SEQ,Estimated 21:20,1
SEQ,Estimated 20:45,1
SEQ,Estimated 22:00,1
SEQ,Estimated 22:09,1
SEQ,Estimated 20:30,1
