flight_id,airline_operator__name,arrival_time__scheduled_utc,arrival_time__actual_utc,delay_minutes
TG960,Thai Airways,2026-10-07 07:25:00+02,2026-10-07 09:05:39+02,100
D84322,Norwegian,2026-10-07 13:20:00+02,2026-10-07 14:01:52+02,41
LH806,Lufthansa,2026-10-07 18:25:00+02,2026-10-07 18:57:20+02,32
D83208,Norwegian,2026-10-07 18:20:00+02,2026-10-07 18:51:41+02,31
SK2646,SAS Scandinavian Airlines,2026-10-07 15:15:00+02,2026-10-07 15:43:51+02,28
SK690,SAS Scandinavian Airlines,2026-10-07 15:40:00+02,2026-10-07 16:05:56+02,25
D84356,Norwegian,2026-10-07 14:00:00+02,2026-10-07 14:24:23+02,24
D84044,Norwegian,2026-10-07 17:20:00+02,2026-10-07 17:44:27+02,24
FR1401,Ryanair Ltd,2026-10-07 14:35:00+02,2026-10-07 14:56:22+02,21
D84488,Norwegian,2026-10-07 15:05:00+02,2026-10-07 15:23:52+02,18
