flight_id,arrival_airport_swedish,arrival_airport_english,di_indicator,flight_leg_identifier__callsign,flight_leg_identifier__flight_id,flight_leg_identifier__flight_departure_date_utc,flight_leg_identifier__departure_airport_iata,flight_leg_identifier__arrival_airport_iata,flight_leg_identifier__departure_airport_icao,flight_leg_identifier__arrival_airport_icao,location_and_status__terminal,location_and_status__flight_leg_status,location_and_status__flight_leg_status_swedish,location_and_status__flight_leg_status_english,departure_time__scheduled_utc,airline_operator__iata,airline_operator__icao,airline_operator__name,_dlt_load_id,_dlt_id,check_in__check_in_desk_from,check_in__check_in_desk_to,flight_leg_identifier__aircraft_registration,flight_leg_identifier__ssr_code,check_in__check_in_status,check_in__check_in_status_swedish,check_in__check_in_status_english,location_and_status__gate,location_and_status__gate_action,location_and_status__gate_action_swedish,location_and_status__gate_action_english,location_and_status__gate_close_utc,departure_time__actual_utc,location_and_status__gate_open_utc,departure_time__estimated_utc
FR7693,Chania,Chania,S,RYR8PB,FR7693,2026-10-07 02:00:00+02,ARN,CHQ,ESSA,LGSA,T5,DEL,Borttagen,Deleted,2026-10-07 05:45:00+02,FR,RYR,Ryanair Ltd,1791396280.7002714,0tgD3kzWu/OJuQ,,,,,,,,,,,,,,,
FR914,Rom FCO,Rome FCO,S,RYR4HD,FR914,2026-10-07 02:00:00+02,ARN,FCO,ESSA,LIRF,T5,DEL,Borttagen,Deleted,2026-10-07 09:25:00+02,FR,RYR,Ryanair Ltd,1791396280.7002714,p8foIXv9bg2J0g,,,,,,,,,,,,,,,
FR4465,Birmingham,Birmingham,I,RYR4465,FR4465,2026-10-07 02:00:00+02,ARN,BHX,ESSA,EGBB,T5,DEL,Borttagen,Deleted,2026-10-07 11:10:00+02,FR,RYR,Ryanair Ltd,1791396280.7002714,g3zjVyXTuMMG7w,,,,,,,,,,,,,,,
FR3009,Dublin,Dublin,I,RYR3009,FR3009,2026-10-07 02:00:00+02,ARN,DUB,ESSA,EIDW,T5,DEL,Borttagen,Deleted,2026-10-07 11:55:00+02,FR,RYR,Ryanair Ltd,1791396280.7002714,fe5a8l90quoMhQ,,,,,,,,,,,,,,,
FR8742,Trieste,Trieste,S,RYR8742,FR8742,2026-10-07 02:00:00+02,ARN,TRS,ESSA,LIPQ,T5,DEL,Borttagen,Deleted,2026-10-07 17:15:00+02,FR,RYR,Ryanair Ltd,1791396280.7002714,ibJ1w87NzcISrQ,,,,,,,,,,,,,,,
FR9448,Manchester,Manchester,I,RYR9448,FR9448,2026-10-07 02:00:00+02,ARN,MAN,ESSA,EGCC,T5,DEL,Borttagen,Deleted,2026-10-07 23:25:00+02,FR,RYR,Ryanair Ltd,1791396280.7002714,uHEW5qqwRGX5ZA,,,,,,,,,,,,,,,
DE4404,Frankfurt,Frankfurt,S,CFG4404,DE4404,2026-10-07 02:00:00+02,ARN,FRA,ESSA,EDDF,T5,DEL,Borttagen,Deleted,2026-10-07 07:50:00+02,DE,CFG,CONDOR FLUGDIENST,1791396280.7002714,DSOHKV7hgFHGVA,,,,,,,,,,,,,,,
DE4408,Frankfurt,Frankfurt,S,CFG4408,DE4408,2026-10-07 02:00:00+02,ARN,FRA,ESSA,EDDF,T5,DEL,Borttagen,Deleted,2026-10-07 10:50:00+02,DE,CFG,CONDOR FLUGDIENST,1791396280.7002714,HIosma65ufp+Dg,,,,,,,,,,,,,,,
DE4406,Frankfurt,Frankfurt,S,CFG4406,DE4406,2026-10-07 02:00:00+02,ARN,FRA,ESSA,EDDF,T5,DEL,Borttagen,Deleted,2026-10-07 17:00:00+02,DE,CFG,CONDOR FLUGDIENST,1791396280.7002714,y/gaOap1q+8Gsw,,,,,,,,,,,,,,,
W62408,Budapest,Budapest,S,WZZ2408,W62408,2026-10-07 02:00:00+02,ARN,BUD,ESSA,LHBP,T5,DEL,Borttagen,Deleted,2026-10-07 09:00:00+02,W6,WZZ,Wizz Air,1791396280.7002714,s83GKX2U2Ae72g,,,,,,,,,,,,,,,
EW4606,Stuttgart,Stuttgart,S,EWG8ER,EW4606,2026-10-07 02:00:00+02,ARN,STR,ESSA,EDDS,T5,DEL,Borttagen,Deleted,2026-10-07 07:05:00+02,EW,EWG,Eurowings,1791396280.7002714,8bQDEi5oJ321pw,,,,,,,,,,,,,,,
EW371,Köln,Cologne,S,EWG371,EW371,2026-10-07 02:00:00+02,ARN,CGN,ESSA,EDDK,T5,DEL,Borttagen,Deleted,2026-10-07 10:15:00+02,EW,EWG,Eurowings,1791396280.7002714,HMomgOTu0OPvjQ,,,,,,,,,,,,,,,
W69810,Skopje,Skopje,I,WZZ9810,W69810,2026-10-07 02:00:00+02,ARN,SKP,ESSA,LWSK,T5,DEL,Borttagen,Deleted,2026-10-07 09:35:00+02,W6,WZZ,Wizz Air,1791396280.7002714,z8GLcQ8ZrINUVg,,,,,,,,,,,,,,,
W49106,Bucarest,Bucarest,S,WMT9106,W49106,2026-10-07 02:00:00+02,ARN,BBU,ESSA,LRBS,T5,DEL,Borttagen,Deleted,2026-10-07 15:00:00+02,W4,WMT,Wizz Air Malta,1791396280.7002714,BNwjhfQssBP20w,,,,,,,,,,,,,,,
SK1131,Ronneby,Ronneby,D,SAS1131,SK1131,2026-10-07 02:00:00+02,ARN,RNB,ESSA,ESDF,T5,DEL,Borttagen,Deleted,2026-10-07 13:10:00+02,SK,SAS,SAS Scandinavian Airlines,1791396280.7002714,f3jvtE8IUqHkfA,,,,,,,,,,,,,,,
